{
    "scalp": {
        "balance": 101.6015358984192,
        "position": null,
        "entry_price": 0,
        "tp": 0,
        "sl": 0
    },
    "day": {
        "balance": 96.78440687503397,
        "position": "SHORT",
        "entry_price": 86602.6,
        "tp": 84870.54800000001,
        "sl": 87295.4208
    },
    "swing": {
        "balance": 100.0,
        "position": null,
        "entry_price": 0,
        "tp": 0,
        "sl": 0
    }
}