{
    "scalp": {
        "balance": 102.00469079286412,
        "position": "SHORT",
        "entry_price": 86506.4,
        "tp": 85814.34879999999,
        "sl": 86852.42559999999
    },
    "day": {
        "balance": 95.24205056707343,
        "position": "SHORT",
        "entry_price": 86820.7,
        "tp": 85084.286,
        "sl": 87515.2656
    },
    "swing": {
        "balance": 100.0,
        "position": null,
        "entry_price": 0,
        "tp": 0,
        "sl": 0
    }
}