{
    "scalp": {
        "balance": 100.38238210340678,
        "position": "SHORT",
        "entry_price": 88158.0,
        "tp": 87452.736,
        "sl": 88510.632
    },
    "day": {
        "balance": 92.97447906324265,
        "position": "SHORT",
        "entry_price": 87996.5,
        "tp": 86236.56999999999,
        "sl": 88700.472
    },
    "swing": {
        "balance": 100.0,
        "position": null,
        "entry_price": 0,
        "tp": 0,
        "sl": 0
    }
}