{
    "scalp": {
        "balance": 100.7951745024,
        "position": "SHORT",
        "entry_price": 90410.1,
        "tp": 89686.8192,
        "sl": 90771.74040000001
    },
    "day": {
        "balance": 96.42327471271793,
        "position": "SHORT",
        "entry_price": 90391.1,
        "tp": 88583.278,
        "sl": 91114.22880000001
    },
    "swing": {
        "balance": 100.0,
        "position": null,
        "entry_price": 0,
        "tp": 0,
        "sl": 0
    }
}