{
    "scalp": {
        "balance": 99.58092916469317,
        "position": null,
        "entry_price": 0,
        "tp": 0,
        "sl": 0
    },
    "day": {
        "balance": 88.9318450609899,
        "position": "SHORT",
        "entry_price": 87836.3,
        "tp": 86079.57400000001,
        "sl": 88538.99040000001
    },
    "swing": {
        "balance": 100.0,
        "position": null,
        "entry_price": 0,
        "tp": 0,
        "sl": 0
    }
}