{
    "scalp": {
        "balance": 99.58092916469317,
        "position": null,
        "entry_price": 0,
        "tp": 0,
        "sl": 0
    },
    "day": {
        "balance": 89.64903735986886,
        "position": "SHORT",
        "entry_price": 88300.3,
        "tp": 86534.294,
        "sl": 89006.70240000001
    },
    "swing": {
        "balance": 100.0,
        "position": null,
        "entry_price": 0,
        "tp": 0,
        "sl": 0
    }
}