{
    "scalp": {
        "balance": 102.41434818560656,
        "position": "SHORT",
        "entry_price": 86452.7,
        "tp": 85761.0784,
        "sl": 86798.5108
    },
    "day": {
        "balance": 95.24205056707343,
        "position": null,
        "entry_price": 0,
        "tp": 0,
        "sl": 0
    },
    "swing": {
        "balance": 100.0,
        "position": null,
        "entry_price": 0,
        "tp": 0,
        "sl": 0
    }
}