{
    "scalp": {
        "balance": 100.8,
        "position": "SHORT",
        "entry_price": 92187.4,
        "tp": 91449.90079999999,
        "sl": 92556.14959999999
    },
    "day": {
        "balance": 94.53262226737051,
        "position": null,
        "entry_price": 0,
        "tp": 0,
        "sl": 0
    },
    "swing": {
        "balance": 100.0,
        "position": null,
        "entry_price": 0,
        "tp": 0,
        "sl": 0
    }
}